<?xml version="1.0"?>
<doc>
    <assembly>
        <name>OpenSlideSharp.OpencvExtensions</name>
    </assembly>
    <members>
        <member name="T:OpenSlideSharp.OpencvExtensions.AssociatedImageExtensions">
            <summary>
            
            </summary>
        </member>
        <member name="M:OpenSlideSharp.OpencvExtensions.AssociatedImageExtensions.ToMat(OpenSlideSharp.AssociatedImage)">
            <summary>
            To mat.
            </summary>
            <param name="image"></param>
            <returns></returns>
        </member>
        <member name="M:OpenSlideSharp.OpencvExtensions.AssociatedImageExtensions.ToJpeg(OpenSlideSharp.AssociatedImage,System.Nullable{System.Int32})">
            <summary>
            To jpeg array
            </summary>
            <param name="image"></param>
            <param name="quality">
            For JPEG, it can be a quality from 0 to 100 (the higher is the better). Default
            value is 95.
            </param>
            <returns></returns>
        </member>
        <member name="M:OpenSlideSharp.OpencvExtensions.AssociatedImageExtensions.ToJpegStream(OpenSlideSharp.AssociatedImage,System.Nullable{System.Int32})">
            <summary>
            To jpeg stream
            </summary>
            <param name="image"></param>
            <param name="quality">
            For JPEG, it can be a quality from 0 to 100 (the higher is the better). Default
            value is 95.
            </param>
            <returns></returns>
        </member>
        <member name="M:OpenSlideSharp.OpencvExtensions.AssociatedImageExtensions.ToPng(OpenSlideSharp.AssociatedImage,System.Nullable{System.Int32})">
            <summary>
            To png array.
            </summary>
            <param name="image"></param>
            <param name="quality">
            For PNG, it can be the compression level from 0 to 9. A higher value means a
            smaller size and longer compression time. Default value is 3.
            </param>
            <returns></returns>
        </member>
        <member name="M:OpenSlideSharp.OpencvExtensions.AssociatedImageExtensions.ToPngStream(OpenSlideSharp.AssociatedImage,System.Nullable{System.Int32})">
            <summary>
            To png stream.
            </summary>
            <param name="image"></param>
            <param name="quality">
            For PNG, it can be the compression level from 0 to 9. A higher value means a
            smaller size and longer compression time. Default value is 3.
            </param>
            <returns></returns>
        </member>
        <member name="T:OpenSlideSharp.OpencvExtensions.DeepZoomGeneratorExtensions">
            <summary>
            
            </summary>
        </member>
        <member name="M:OpenSlideSharp.OpencvExtensions.DeepZoomGeneratorExtensions.GetTileAsJpeg(OpenSlideSharp.DeepZoomGenerator,System.Int32,System.Int32,System.Int32,OpenSlideSharp.DeepZoomGenerator.TileInfo@,System.Nullable{System.Int32})">
            <summary>
            Get tile as jpeg.
            </summary>
            <param name="generator"></param>
            <param name="level"></param>
            <param name="col"></param>
            <param name="row"></param>
            <param name="tileInfo"></param>
            <param name="quality">For JPEG, it can be a quality from 0 to 100 (the higher is the better). Default
            value is 95.</param>
            <returns></returns>
        </member>
        <member name="M:OpenSlideSharp.OpencvExtensions.DeepZoomGeneratorExtensions.GetTileAsJpegStream(OpenSlideSharp.DeepZoomGenerator,System.Int32,System.Int32,System.Int32,OpenSlideSharp.DeepZoomGenerator.TileInfo@,System.Nullable{System.Int32})">
            <summary>
            Get tile as jpeg stream.
            </summary>
            <param name="generator"></param>
            <param name="level"></param>
            <param name="col"></param>
            <param name="row"></param>
            <param name="tileInfo"></param>
            <param name="quality">For JPEG, it can be a quality from 0 to 100 (the higher is the better). Default
            value is 95.</param>
            <returns></returns>
        </member>
        <member name="M:OpenSlideSharp.OpencvExtensions.DeepZoomGeneratorExtensions.GetTileAsPng(OpenSlideSharp.DeepZoomGenerator,System.Int32,System.Int32,System.Int32,OpenSlideSharp.DeepZoomGenerator.TileInfo@,System.Nullable{System.Int32})">
            <summary>
            Get tile as png.
            </summary>
            <param name="generator"></param>
            <param name="level"></param>
            <param name="col"></param>
            <param name="row"></param>
            <param name="tileInfo"></param>
            <param name="quality">        
            For PNG, it can be the compression level from 0 to 9. A higher value means a
            smaller size and longer compression time. Default value is 3.
            </param>
            <returns></returns>
        </member>
        <member name="M:OpenSlideSharp.OpencvExtensions.DeepZoomGeneratorExtensions.GetTileAsPngStream(OpenSlideSharp.DeepZoomGenerator,System.Int32,System.Int32,System.Int32,OpenSlideSharp.DeepZoomGenerator.TileInfo@,System.Nullable{System.Int32})">
            <summary>
            Get tile as png stream.
            </summary>
            <param name="generator"></param>
            <param name="level"></param>
            <param name="col"></param>
            <param name="row"></param>
            <param name="tileInfo"></param>
            <param name="quality">        
            For PNG, it can be the compression level from 0 to 9. A higher value means a
            smaller size and longer compression time. Default value is 3.</param>
            <returns></returns>
        </member>
        <member name="M:OpenSlideSharp.OpencvExtensions.DeepZoomGeneratorExtensions.GetTileImage(OpenSlideSharp.DeepZoomGenerator,System.Int32,System.Int32,System.Int32,OpenSlideSharp.DeepZoomGenerator.TileInfo@)">
            <summary>
            Get tile mat.
            </summary>
            <param name="generator"></param>
            <param name="level"></param>
            <param name="col"></param>
            <param name="row"></param>
            <param name="tileInfo"></param>
            <returns></returns>
        </member>
        <member name="T:OpenSlideSharp.OpencvExtensions.JpegExtensions">
            <summary>
            
            </summary>
        </member>
        <member name="M:OpenSlideSharp.OpencvExtensions.JpegExtensions.GetJpeg(System.Byte[],System.Int32,System.Int32,System.Int32,System.Int32,System.Int32,System.Int32,System.Nullable{System.Int32},System.UInt32)">
            <summary>
            BGR/BGRA convert to jpeg
            </summary>
            <param name="bgraBytes">BGR/BGRA</param>
            <param name="bytesPerPixel">bytes per pixel</param>
            <param name="bytesPerLine">bytes per line</param>
            <param name="width">width</param>
            <param name="height">height</param>
            <param name="dstWidth">dst width</param>
            <param name="dstHeight">dst height</param>
            <param name="quality">jpeg quality</param>
            <param name="background">background color for transparent if <paramref name="bytesPerPixel"/> == 4</param>
            <returns></returns>
        </member>
        <member name="M:OpenSlideSharp.OpencvExtensions.JpegExtensions.DrawImage(OpenCvSharp.Mat,OpenCvSharp.Mat)">
            <summary>
            Fill the source image with adaptive scaling to the target image
            </summary>
            <param name="src"></param>
            <param name="dst"></param>
        </member>
        <member name="T:OpenSlideSharp.OpencvExtensions.OpenSlideImageExtensions">
            <summary>
            
            </summary>
        </member>
        <member name="M:OpenSlideSharp.OpencvExtensions.OpenSlideImageExtensions.ReadRegionImage(OpenSlideSharp.OpenSlideImage,System.Int32,System.Int64,System.Int64,System.Int64,System.Int64)">
            <summary>
            Read region mat.
            </summary>
            <param name="image"></param>
            <param name="level"></param>
            <param name="x"></param>
            <param name="y"></param>
            <param name="width"></param>
            <param name="height"></param>
            <returns></returns>
        </member>
        <member name="M:OpenSlideSharp.OpencvExtensions.OpenSlideImageExtensions.ReadRegionJpegStream(OpenSlideSharp.OpenSlideImage,System.Int32,System.Int64,System.Int64,System.Int64,System.Int64,System.Nullable{System.Int32})">
            <summary>
            Read region jpeg stream.
            </summary>
            <param name="image"></param>
            <param name="level"></param>
            <param name="x"></param>
            <param name="y"></param>
            <param name="width"></param>
            <param name="height"></param>
            <param name="quality">For JPEG, it can be a quality from 0 to 100 (the higher is the better). Default
            value is 95.</param>
            <returns></returns>
        </member>
        <member name="M:OpenSlideSharp.OpencvExtensions.OpenSlideImageExtensions.ReadRegionJpeg(OpenSlideSharp.OpenSlideImage,System.Int32,System.Int64,System.Int64,System.Int64,System.Int64,System.Nullable{System.Int32})">
            <summary>
            Read region jpeg
            </summary>
            <param name="image"></param>
            <param name="level"></param>
            <param name="x"></param>
            <param name="y"></param>
            <param name="width"></param>
            <param name="height"></param>
            <param name="quality">For JPEG, it can be a quality from 0 to 100 (the higher is the better). Default
            value is 95.</param>
            <returns></returns>
        </member>
        <member name="M:OpenSlideSharp.OpencvExtensions.OpenSlideImageExtensions.ReadRegionPngStream(OpenSlideSharp.OpenSlideImage,System.Int32,System.Int64,System.Int64,System.Int64,System.Int64,System.Nullable{System.Int32})">
            <summary>
            Read region png stream.
            </summary>
            <param name="image"></param>
            <param name="level"></param>
            <param name="x"></param>
            <param name="y"></param>
            <param name="width"></param>
            <param name="height"></param>
            <param name="quality">        
            For PNG, it can be the compression level from 0 to 9. A higher value means a
            smaller size and longer compression time. Default value is 3.
            </param>
            <returns></returns>
        </member>
        <member name="M:OpenSlideSharp.OpencvExtensions.OpenSlideImageExtensions.ReadRegionPng(OpenSlideSharp.OpenSlideImage,System.Int32,System.Int64,System.Int64,System.Int64,System.Int64,System.Nullable{System.Int32})">
            <summary>
            Read region png.
            </summary>
            <param name="image"></param>
            <param name="level"></param>
            <param name="x"></param>
            <param name="y"></param>
            <param name="width"></param>
            <param name="height"></param>
            <param name="quality">        
            For PNG, it can be the compression level from 0 to 9. A higher value means a
            smaller size and longer compression time. Default value is 3.</param>
            <returns></returns>
        </member>
        <member name="M:OpenSlideSharp.OpencvExtensions.OpenSlideImageExtensions.GenerateThumbnailImage(OpenSlideSharp.OpenSlideImage,System.Int32,System.Int32)">
            <summary>
            Generate thumbnail image.
            </summary>
            <param name="image"></param>
            <param name="maxWidth"></param>
            <param name="maxHeight"></param>
            <returns></returns>
        </member>
        <member name="M:OpenSlideSharp.OpencvExtensions.OpenSlideImageExtensions.GenerateThumbnailJpegStream(OpenSlideSharp.OpenSlideImage,System.Int32,System.Int32,System.Int32@,System.Int32@,System.Nullable{System.Int32})">
            <summary>
            Generate thumbnail jpeg stream.
            </summary>
            <param name="image"></param>
            <param name="maxWidth"></param>
            <param name="maxHeight"></param>
            <param name="targetWidth"></param>
            <param name="targetHeight"></param>
            <param name="quality">For JPEG, it can be a quality from 0 to 100 (the higher is the better). Default
            value is 95.</param>
            <returns></returns>
        </member>
        <member name="M:OpenSlideSharp.OpencvExtensions.OpenSlideImageExtensions.GenerateThumbnailJpeg(OpenSlideSharp.OpenSlideImage,System.Int32,System.Int32,System.Int32@,System.Int32@,System.Nullable{System.Int32})">
            <summary>
            Generate thumbnail jpeg.
            </summary>
            <param name="image"></param>
            <param name="maxWidth"></param>
            <param name="maxHeight"></param>
            <param name="targetWidth"></param>
            <param name="targetHeight"></param>
            <param name="quality">For JPEG, it can be a quality from 0 to 100 (the higher is the better). Default
            value is 95.</param>
            <returns></returns>
        </member>
        <member name="M:OpenSlideSharp.OpencvExtensions.OpenSlideImageExtensions.GenerateThumbnailPngStream(OpenSlideSharp.OpenSlideImage,System.Int32,System.Int32,System.Int32@,System.Int32@,System.Nullable{System.Int32})">
            <summary>
            Generate thumbail png stream.
            </summary>
            <param name="image"></param>
            <param name="maxWidth"></param>
            <param name="maxHeight"></param>
            <param name="targetWidth"></param>
            <param name="targetHeight"></param>
            <param name="quality">
            For PNG, it can be the compression level from 0 to 9. A higher value means a
            smaller size and longer compression time. Default value is 3.
            </param>
            <returns></returns>
        </member>
        <member name="M:OpenSlideSharp.OpencvExtensions.OpenSlideImageExtensions.GenerateThumbnailPng(OpenSlideSharp.OpenSlideImage,System.Int32,System.Int32,System.Int32@,System.Int32@,System.Nullable{System.Int32})">
            <summary>
            Generate thumbnail png.
            </summary>
            <param name="image"></param>
            <param name="maxWidth"></param>
            <param name="maxHeight"></param>
            <param name="targetWidth"></param>
            <param name="targetHeight"></param>
            <param name="quality">        
            For PNG, it can be the compression level from 0 to 9. A higher value means a
            smaller size and longer compression time. Default value is 3.
            </param>
            <returns></returns>
        </member>
    </members>
</doc>
